"JobName","ElapsedTime"
"fs005_ECM-media","06:33:21"
"vm_test_2am","01:06:10"
"vm_test_purefa4_tn_08","00:18:11"
"vm_test_purefa4_tn_06","00:15:13"
"NASFS005images","00:15:13"
"NASFS10-07 Daily","00:15:13"
"SQLBKUPDB375T","00:15:13"
"NASBackupDailyFS010_02","00:15:13"
"NAS Share SQL PROD 2","00:15:13"
"NAS_SQL_PROD9","00:15:13"
"vm_test_purefa4_tn_05","00:33:18"
"vm_test_purefa4_tn_04","00:12:09"
"vm_test_purefa4_tn_03","00:19:22"
"vm_test_purefa4_tn_02","00:22:24"
"vm_test_purefa4_tn_01","00:52:35"
"SQL Prod NAS","00:52:35"
"NASFS010_03","00:52:35"
"NAS_SQLPROD3","00:52:35"
"SQLPROD4_NAS","00:52:35"
"NAS_SQLPROD7","00:52:35"
"NAS_SQL6","00:52:35"
"SQLDBPRODBKUP1","00:52:35"
"NAS_PROD_FSDC02_ADMIN","00:52:35"
"NAS_PROD_FSDC02E","00:52:35"
"dd_nas_sql_prod12","00:52:35"
"dd_nas_sql_prod2","00:52:35"
"nas_unity600_ecmfilemounttst","05:12:56"
"dd_nas_sql_prod3","05:12:56"
"dd_nas_sql_prod4","05:12:56"
"dd_nas_sql_prod10","05:12:56"
"nas_unity600_Clmfilemount","00:07:12"
"nas_unity600_eccx-fs01p","00:05:55"
"nas_unity600_edal-fs01p","00:00:23"
"nas_unity600_file1billprod_snapshot","00:40:13"
"nas_unity600_ecfs-fs01azp","00:00:09"
"nas_unity600_ecmfilemount","05:20:51"
"nas_unity600_fs001_snapshot ","01:26:37"
"nas_unity600_fs002","01:09:51"
"nas_unity600_fs004_snapshot","11:33:42"
"dd_nfs_MarkLogic_Test","11:33:42"
"nas_unity600_fs201","06:18:39"
"dd_nfs_netezza","06:18:39"
"dd_nfs_netezza_test","06:18:39"
"nas_unity600_fs005","02:15:22"
"nas_unity600_fs008","00:01:45"
"nas_unity600_fs009","00:00:46"
"nas_unity600_fs010","08:09:31"
"nas_unity600_fs011_snapshot","00:02:45"
"nas_unity600_fs012","00:00:39"
"nas_unity600_fs014","00:00:08"
"nas_unity600_fs015","00:19:48"
"nas_unity600_fs025","00:39:55"
"nas_unity600_fs026","00:11:13"
"nas_unity600_fs027","00:15:15"
"nas_unity600_fs028","00:00:14"
"nas_unity600_fs051","05:06:26"
"dd_nfs_MarkLogic_Prod","05:06:26"
"dd_nfs_MarkLogic_Dev","05:06:26"
"nas_unity600_fs068","01:10:14"
"nas_unity600_fs116","00:00:12"
"nas_unity600_fs122","00:10:14"
"nas_unity600_fs123_snapshot","00:02:01"
"nas_unity600_fs205","02:52:41"
"nas_unity600_fs206","00:08:40"
"nas_unity600_fs302_snapshot","03:15:18"
"nas_unity600_fs405","00:04:11"
"nas_unity600_fs496","00:01:04"
"nas_unity600_fsdc01_snapshot","04:44:44"
"nas_unity600_fsdc02_snapshot","01:00:42"
"nas_unity600_sbnas-fs01p","00:45:56"
"nas_unity600_talg-fs01p","00:00:33"
"VM_Prod_6PM","05:54:29"
"Remote_Office_Richmond_File","00:14:26"
"tsm_prod_view_protect","00:14:26"
"test_file_15d","00:17:06"
"dd_nas_DB_Archive","00:17:06"
"Remote_Office_File_Allentown","00:43:34"
"Remote_Office_File_Carmel","00:26:20"
"DP_Oracle_View_PROD","00:00:01"
"DP_MarkLogic_View_Prod","00:00:04"
"Remote_Office_File_Buffalo","00:30:48"
"dc_system_state_view_protection","00:00:02"
"netezza_prod_view_repl_az","00:00:04"
"remote_office_block_hamilton","06:22:22"
"file_linux_prod","00:00:23"
"Remote_Office_Block_Charlotte","01:45:22"
"remote_office_block_Allentown","02:00:10"
"remote_office_block_Richmond","02:31:00"
"remote_office_block_chicago","01:26:41"
"remote_office_block_huntvalley","04:36:58"
"remote_office_block_elmsford","02:06:40"
"remote_offce_block_easthannover","02:01:56"
"nas_unity600_earp-fs01d","00:07:32"
"nas_unity600_fs301_snapshot","00:12:01"
"nas_unity600_fs113","00:01:18"
"nas_unity600_fs115","00:29:31"
"nas_unity600_clmfilemounttst","00:00:09"
"nas_unity600_file1billltdev","00:00:20"
"nas_unity600_fs114","00:00:32"
"nas_unity600_file1billltct","00:08:03"
"nas_unity600_file1billstct","00:03:55"
"nas_unity600_file1billstdev","00:00:09"
"nas_unity600_fs200","00:12:07"
"nas_unity600_fs112","00:39:57"
"remote_office_block_Horsham","02:39:48"
"remote_office_block_columbia","01:11:01"
"remote_office_block_indianapolis","02:11:42"
"remote_office_block_latham","02:01:12"
"remote_office_block_mountlaurel","02:05:13"
"prod_file_45d_6pm","01:23:38"
"prod_file_45d_9pm","00:27:47"
"prod_file_45d_12am","00:22:34"
"prod_file_45d_3am","00:47:31"
"remote_office_block_pittsburgh","02:21:45"
"remote_office_block_scranton","01:52:47"
"remote_office_block_farmington","02:43:27"
"remote_office_block_Scottsdale","02:10:09"
"postgres_prod_VIEW_REPL_AZ","00:00:00"
"remote_office_block_Glastonbury_pq706","01:37:11"
"remote_office_block_chicago2","02:24:00"
"sql_prod2_view_repl","02:24:00"
"sql_prod_view_repl","02:24:00"
"sql_prod14_view_repl","02:24:00"
"sql_prod18_view_repl","02:24:00"
"sql_prod9_view_repl","02:24:00"
"sql_prod4_view_repl","02:24:00"
"sql_prod5_view_repl","02:24:00"
"sql_prod8_view_repl","02:24:00"
"biztalk_bkp","00:00:07"
"exch_bkp","02:48:33"
"add_hoc_bkp_30d","02:48:33"
"nas_unity600_edal-fs02t","00:03:22"
"nas_unity600_fs121","00:02:48"
"nas_unity600_fs120","00:00:08"
"nas_unity600_fs111_snapshot","12:49:06"
"nas_unity600_fs050","01:01:08"
"nas_unity600_earp-fs02p","00:01:23"
"nas_unity600_earp-fs02d","00:01:14"
"nas_unity600_ECMS-NFS01T","00:00:07"
"nas_unity600_ADFS-NFS01T","00:00:05"
"adhoc_30Days_testVM_CRQ000000042616","00:00:05"
"prod_file_45d_exce","00:43:01"
"netezza_test_view","00:00:01"
"remote_office_block_Glastonbury","02:08:50"
"phy_file_prod_45d_8-30pm","00:27:01"
"test_block_file_bkp_10pm","00:16:43"
"vm_prod_90d_6pm","00:16:43"
"vm_prod_1year_6pm","00:16:43"
"prod_file_block_10pm","00:25:39"
"prod_proceed_block_11am","02:51:04"
"nas_unity600_new_fs204","01:32:46"
"test_proced_block_5am","03:26:43"
"remote_office_block_easthannover_2","01:12:55"
"remote_office_blcok_charlotte_2","02:58:04"
"remote_office_block_mountlaurel_2","02:47:18"
"remote_office_block_richmond_2","03:02:51"
"remote_office_block_scottsdale_2","03:08:54"
"remote_office_block_allentown_noc","03:08:54"
"remote_office_block_huntvalley_noc","03:08:54"
"remote_office_block_hamilton_noc","03:08:54"
"remote_office_block_charlotte_noc","03:08:54"
"remote_office_block_indianapolis_noc","03:08:54"
"remote_office_block_richmond1_noc","03:08:54"
"remote_office_block_richmond2_noc","03:08:54"
"remote_office_block_Scottsdale_noc","03:08:54"
"nas_unity600_fp706_snapshot","03:08:54"
"dc_system_state_bkp_10pm ","00:07:12"
"nas_unity600_immm-ap01p","00:00:41"
"nas_unity600_adsh-fs01p","02:51:43"
"nas_unity600_adsh-fs01t","00:01:43"
"nas_unity600_immm-ap01t","00:01:20"
"Backup_Cohesity_archive_view","00:00:03"
"testnasserver_snapshot","00:00:03"
"vm_test7pm","01:48:22"
"vm_prod_10pm","00:20:58"
"talg-fs01p_archive01_prod_view_repl_az","00:00:00"
"prod_nas_file_repl_az","00:14:49"
"prod_aix_file_block","00:04:23"
"test_aix_file","00:00:32"
"prod_file_block_test","00:03:01"
